,CDR3a,CDR3b,peptide,MHC,binder
0,CAASKGADRLTFG,CASGDFWGDTLYFG,FEAQKAKANKAVD,<MIS>,1
1,CAASKSSGQKLVFG,CASGDFWGDTLYFG,FEAQKAKANKAVD,<MIS>,1
2,CAASRDSGQKLVFG,CASGDFWGDTLYFG,FEAQKAKANKAVD,<MIS>,1
3,CAANSGTYQRFG,CASGDFWGDTLYFG,FEAQKAKANKAVD,<MIS>,1
4,CASSDNRIFFG,CASGDAWGYEQYFG,FEAQKAKANKAVD,<MIS>,1
5,CALAGGSNAKLTFG,CASGEAWGGRYFG,FEAQKAKANKAVD,<MIS>,1
6,CAASDDNNRIFFG,CASGDFWGDTLYFG,FEAQKAKANKAVD,<MIS>,1
7,CAASDGNNRIFFG,CASGDFWGDTLYFG,FEAQKAKANKAVD,<MIS>,1
8,CAASKDGGADRLTF,CASGDFWGDTLYFG,FEAQKAKANKAVD,<MIS>,1
9,CAASKGGQKLVFG,CASGDFWGDTLYFG,FEAQKAKANKAVD,<MIS>,1
